<?xml version="1.0" encoding="UTF-8"?>
<project-private xmlns="http://www.netbeans.org/ns/project-private/1">
    <editor-bookmarks xmlns="http://www.netbeans.org/ns/editor-bookmarks/2" lastBookmarkId="0"/>
    <open-files xmlns="http://www.netbeans.org/ns/projectui-open-files/2">
        <group>
            <file>file:/C:/Users/leja1/Documents/UNI/ULTIMO/PROGRAMACION%20AVANZADA/LABORATORIO/PECL/Restaurante/src/Restaurante.java</file>
            <file>file:/C:/Users/leja1/Documents/UNI/ULTIMO/PROGRAMACION%20AVANZADA/LABORATORIO/PECL/Restaurante/src/Servidor.java</file>
            <file>file:/C:/Users/leja1/Documents/UNI/ULTIMO/PROGRAMACION%20AVANZADA/LABORATORIO/PECL/Restaurante/src/Persona.java</file>
            <file>file:/C:/Users/leja1/Documents/UNI/ULTIMO/PROGRAMACION%20AVANZADA/LABORATORIO/PECL/Restaurante/src/Clientes.java</file>
            <file>file:/C:/Users/leja1/Documents/UNI/ULTIMO/PROGRAMACION%20AVANZADA/LABORATORIO/PECL/Restaurante/src/Paso.java</file>
            <file>file:/C:/Users/leja1/Documents/UNI/ULTIMO/PROGRAMACION%20AVANZADA/LABORATORIO/PECL/Restaurante/src/ListaThreads.java</file>
        </group>
    </open-files>
</project-private>
